{"cameraMode":{"drawMode":0,"name":"Shaded","section":"Shading Mode"},"sceneLighting":false,"audioPlay":false,"sceneViewState":{"m_AlwaysRefresh":false,"showFog":true,"showSkybox":false,"showFlares":true,"showImageEffects":true,"showParticleSystems":true,"showVisualEffectGraphs":true,"m_FxEnabled":true},"in2DMode":false,"pivot":{"x":-1.6296179294586182,"y":0.8352921009063721,"z":0.9736461639404297},"rotation":{"x":-0.008391408249735833,"y":-0.993526816368103,"z":0.06367464363574982,"w":-0.10014080256223679},"size":8.672552108764649,"orthographic":false}