{"cameraMode":{"drawMode":0,"name":"Shaded","section":"Shading Mode"},"sceneLighting":false,"audioPlay":false,"sceneViewState":{"m_AlwaysRefresh":false,"showFog":true,"showSkybox":false,"showFlares":true,"showImageEffects":true,"showParticleSystems":true,"showVisualEffectGraphs":true,"m_FxEnabled":true},"in2DMode":false,"pivot":{"x":0.11930572986602783,"y":0.032544493675231937,"z":0.01427614688873291},"rotation":{"x":-0.22698110342025758,"y":0.6149371862411499,"z":-0.19103921949863435,"w":-0.7306807041168213},"size":2.1064934730529787,"orthographic":false}