{"cameraMode":{"drawMode":0,"name":"Shaded","section":"Shading Mode"},"sceneLighting":false,"audioPlay":false,"sceneViewState":{"m_AlwaysRefresh":false,"showFog":true,"showSkybox":false,"showFlares":true,"showImageEffects":true,"showParticleSystems":true,"showVisualEffectGraphs":true,"m_FxEnabled":true},"in2DMode":false,"pivot":{"x":0.03290000185370445,"y":1.4103482961654664,"z":2.2969019412994386},"rotation":{"x":-0.2846262753009796,"y":-0.3775540590286255,"z":0.12147682160139084,"w":-0.8735479116439819},"size":0.14737297594547273,"orthographic":false}