{"cameraMode":{"drawMode":0,"name":"Shaded","section":"Shading Mode"},"sceneLighting":false,"audioPlay":false,"sceneViewState":{"m_AlwaysRefresh":false,"showFog":true,"showSkybox":false,"showFlares":true,"showImageEffects":true,"showParticleSystems":true,"showVisualEffectGraphs":true,"m_FxEnabled":true},"in2DMode":false,"pivot":{"x":-0.14201217889785767,"y":-0.18495044112205506,"z":-0.3991756737232208},"rotation":{"x":-0.08464987576007843,"y":-0.6086902618408203,"z":0.06344786286354065,"w":-0.7872182130813599},"size":0.3818916082382202,"orthographic":false}